CID,blast_transient_spectroscopic_class,blast_transient_photometric_class,blast_host_name,blast_host_ra_deg,blast_host_dec_deg,blast_host_redshift,blast_host_EBV_MW,blast_local_log_mass_50,blast_local_log_sfr_50,blast_local_log_ssfr_50,blast_local_log_age_50,blast_local_mass_surviving_ratio,blast_global_log_mass_50,blast_global_log_sfr_50,blast_global_log_ssfr_50,blast_global_log_age_50,blast_global_mass_surviving_ratio
1994DRichmond,,,,,,,,,,,,,,,,,
2017cbv,,,,,,,,,,,,,,,,,
2017cbv,,,,,,,,,,,,,,,,,
1998aq,,,,,,,,,,,,,,,,,
1990N,,,,,,,,,,,,,,,,,
2005df_ANU,,,,,,,,,,,,,,,,,
1992A,,,,,,,,,,,,,,,,,
2016coj,,,,,,,,,,,,,,,,,
2007gi,,,,,,,,,,,,,,,,,
1994ae,,,,,,,,,,,,,,,,,
2015bp,,,,,,,,,,,,,,,,,
1998dm,,,,,,,,,,,,,,,,,
2014bv,,,,,,,,,,,,,,,,,
1997br,,,,,,,,,,,,,,,,,
1995al,,,,,,,,,,,,,,,,,
1996X,,,,,,,,,,,,,,,,,
2017erp,,,,,,,,,,,,,,,,,
2017erp,,,,,,,,,,,,,,,,,
2017erp,,,,,,,,,,,,,,,,,
1992G,,,,,,,,,,,,,,,,,
2008Q,,,,,,,,,,,,,,,,,
2008Q,,,,,,,,,,,,,,,,,
2003kf,,,,,,,,,,,,,,,,,
1998dh,,,,,,,,,,,,,,,,,
1998dh,,,,,,,,,,,,,,,,,
1996Z,,,,,,,,,,,,,,,,,
1995D,,,,,,,,,,,,,,,,,
1991M,,,,,,,,,,,,,,,,,
2013gh,,,,,,,,,,,,,,,,,
2013gh,,,,,,,,,,,,,,,,,
2001bg,,,,,,,,,,,,,,,,,
PSNJ0717457,,,,,,,,,,,,,,,,,
1997bp,,,,,,,,,,,,,,,,,
2002er,,,,,,,,,,,,,,,,,
2002er,,,,,,,,,,,,,,,,,
2002cr,,,,,,,,,,,,,,,,,
2002cr,,,,,,,,,,,,,,,,,
1998es,,,,,,,,,,,,,,,,,
1998es,,,,,,,,,,,,,,,,,
1997do,,,,,,,,,,,,,,,,,
1997bq,,,,,,,,,,,,,,,,,
2008fv_comb,,,,,,,,,,,,,,,,,
ASASSN-16jf,,,,,,,,,,,,,,,,,
2010ko,,,,,,,,,,,,,,,,,
2013ex,,,,,,,,,,,,,,,,,
2013ex,,,,,,,,,,,,,,,,,
2001ep,,,,,,,,,,,,,,,,,
2001ep,,,,,,,,,,,,,,,,,
2017cfd,,,,,,,,,,,,,,,,,
2007cv,,,,,,,,,,,,,,,,,
1992al,,,,,,,,,,,,,,,,,
1999dk,,,,,,,,,,,,,,,,,
1999dk,,,,,,,,,,,,,,,,,
ASASSN-16dn,,,,,,,,,,,,,,,,,
2013gq,,,,,,,,,,,,,,,,,
2003gt,,,,,,,,,,,,,,,,,
2013fa,,,,,,,,,,,,,,,,,
2000dm,,,,,,,,,,,,,,,,,
2005de,,,,,,,,,,,,,,,,,
2011im,,,,,,,,,,,,,,,,,
2001V,,,,,,,,,,,,,,,,,
2001V,,,,,,,,,,,,,,,,,
2008ec,,,,,,,,,,,,,,,,,
2008ec,,,,,,,,,,,,,,,,,
2008eo,,,,,,,,,,,,,,,,,
2009nq,,,,,,,,,,,,,,,,,
2001bf,,,,,,,,,,,,,,,,,
2001bf,,,,,,,,,,,,,,,,,
1999aa,,,,,,,,,,,,,,,,,
1999aa,,,,,,,,,,,,,,,,,
2002cs,,,,,,,,,,,,,,,,,
2007ss,,,,,,,,,,,,,,,,,
2013Q,,,,,,,,,,,,,,,,,
2007fs,,,,,,,,,,,,,,,,,
1996bv,,,,,,,,,,,,,,,,,
1997Y,,,,,,,,,,,,,,,,,
2004fz,,,,,,,,,,,,,,,,,
1998V,,,,,,,,,,,,,,,,,
2013gs,,,,,,,,,,,,,,,,,
2000dr,,,,,,,,,,,,,,,,,
1992bo,,,,,,,,,,,,,,,,,
2010ai,,,,,,,,,,,,,,,,,
2009gf,,,,,,,,,,,,,,,,,
2009gf,,,,,,,,,,,,,,,,,
2016ffh,,,,,,,,,,,,,,,,,
2000cu,,,,,,,,,,,,,,,,,
2007au,,,,,,,,,,,,,,,,,
2002kf,,,,,,,,,,,,,,,,,
1992bc,,,,,,,,,,,,,,,,,
2002jy,,,,,,,,,,,,,,,,,
2016hpw,,,,,,,,,,,,,,,,,
2001dl,,,,,,,,,,,,,,,,,
2003W,,,,,,,,,,,,,,,,,
2003W,,,,,,,,,,,,,,,,,
2001br,,,,,,,,,,,,,,,,,
ASASSN-16lc,,,,,,,,,,,,,,,,,
2004bw,,,,,,,,,,,,,,,,,
SN2016ajf,,,,,,,,,,,,,,,,,
ASASSN-18da,,,,,,,,,,,,,,,,,
1999dg,,,,,,,,,,,,,,,,,
2001cp,,,,,,,,,,,,,,,,,
1995ak,,,,,,,,,,,,,,,,,
ASASSN-18iu,,,,,,,,,,,,,,,,,
2006dm,,,,,,,,,,,,,,,,,
2006dm,,,,,,,,,,,,,,,,,
2004bg,,,,,,,,,,,,,,,,,
2004bg,,,,,,,,,,,,,,,,,
2002cu,,,,,,,,,,,,,,,,,
2000fa,,,,,,,,,,,,,,,,,
2000fa,,,,,,,,,,,,,,,,,
ASASSN-16bn,,,,,,,,,,,,,,,,,
2002ef,,,,,,,,,,,,,,,,,
2017hoq,,,,,,,,,,,,,,,,,
2009jb,,,,,,,,,,,,,,,,,
2014ai,,,,,,,,,,,,,,,,,
2004at,,,,,,,,,,,,,,,,,
2007ci,,,,,,,,,,,,,,,,,
2007ci,,,,,,,,,,,,,,,,,
2004bk,,,,,,,,,,,,,,,,,
2010ao,,,,,,,,,,,,,,,,,
1998eg,,,,,,,,,,,,,,,,,
2010gp,,,,,,,,,,,,,,,,,
1993H,,,,,,,,,,,,,,,,,
AT2016bln,,,,,,,,,,,,,,,,,
2004br,,,,,,,,,,,,,,,,,
2003he,,,,,,,,,,,,,,,,,
2001cj,,,,,,,,,,,,,,,,,
2011dn,,,,,,,,,,,,,,,,,
2007sw,,,,,,,,,,,,,,,,,
370356,,,,,,,,,,,,,,,,,
2002he,,,,,,,,,,,,,,,,,
2002he,,,,,,,,,,,,,,,,,
1992ag,,,,,,,,,,,,,,,,,
2005ms,,,,,,,,,,,,,,,,,
SNF20071021-000,,,,,,,,,,,,,,,,,
2002eb,,,,,,,,,,,,,,,,,
1992P,,,,,,,,,,,,,,,,,
2010ii,,,,,,,,,,,,,,,,,
2002el,,,,,,,,,,,,,,,,,
1998ab,,,,,,,,,,,,,,,,,
1993ah,,,,,,,,,,,,,,,,,
2006qo,,,,,,,,,,,,,,,,,
1996C,,,,,,,,,,,,,,,,,
2000cw,,,,,,,,,,,,,,,,,
ASASSN-16hh,,,,,,,,,,,,,,,,,
ATLAS17ajn,,,,,,,,,,,,,,,,,
1997dg,,,,,,,,,,,,,,,,,
ASASSN-16es,,,,,,,,,,,,,,,,,
PS15cwx,,,,,,,,,,,,,,,,,
1990O,,,,,,,,,,,,,,,,,
2009eu,,,,,,,,,,,,,,,,,
SNF20080909-030,,,,,,,,,,,,,,,,,
2006bw,,,,,,,,,,,,,,,,,
2000dn,,,,,,,,,,,,,,,,,
2006az,,,,,,,,,,,,,,,,,
AT2017po,,,,,,,,,,,,,,,,,
2003gn,,,,,,,,,,,,,,,,,
2006S,,,,,,,,,,,,,,,,,
2011dl,,,,,,,,,,,,,,,,,
2003kc,,,,,,,,,,,,,,,,,
2003iv,,,,,,,,,,,,,,,,,
1992bg,,,,,,,,,,,,,,,,,
2016fbk,,,,,,,,,,,,,,,,,
2001ck,,,,,,,,,,,,,,,,,
2000dg,,,,,,,,,,,,,,,,,
2008ei,,,,,,,,,,,,,,,,,
2002hu,,,,,,,,,,,,,,,,,
2001eh,,,,,,,,,,,,,,,,,
2001eh,,,,,,,,,,,,,,,,,
2002eu,,,,,,,,,,,,,,,,,
SN2017ciy,,,,,,,,,,,,,,,,,
2008051,,,,,,,,,,,,,,,,,
1999aw,,,,,,,,,,,,,,,,,
2008dr,,,,,,,,,,,,,,,,,
2003fa,,,,,,,,,,,,,,,,,
2003fa,,,,,,,,,,,,,,,,,
1992bl,,,,,,,,,,,,,,,,,
2014bj,,,,,,,,,,,,,,,,,
2006cf,,,,,,,,,,,,,,,,,
1992bh,,,,,,,,,,,,,,,,,
PS16cqa,,,,,,,,,,,,,,,,,
2008050,,,,,,,,,,,,,,,,,
AT2016ews,,,,,,,,,,,,,,,,,
1995ac,,,,,,,,,,,,,,,,,
1990af,,,,,,,,,,,,,,,,,
1993ag,,,,,,,,,,,,,,,,,
PS15asb,,,,,,,,,,,,,,,,,
1998dx,,,,,,,,,,,,,,,,,
2007kh,,,,,,,,,,,,,,,,,
PS15brr,,,,,,,,,,,,,,,,,
1993O,,,,,,,,,,,,,,,,,
2010dt,,,,,,,,,,,,,,,,,
PS16ayd,,,,,,,,,,,,,,,,,
2008eq,,,,,,,,,,,,,,,,,
2001ah,,,,,,,,,,,,,,,,,
2001ah,,,,,,,,,,,,,,,,,
SN2016hhv,,,,,,,,,,,,,,,,,
2006oa,,,,,,,,,,,,,,,,,
1992bs,,,,,,,,,,,,,,,,,
SN2016aqb,,,,,,,,,,,,,,,,,
CSS160129,,,,,,,,,,,,,,,,,
1993B,,,,,,,,,,,,,,,,,
PS16em,,,,,,,,,,,,,,,,,
2006on,,,,,,,,,,,,,,,,,
470043,,,,,,,,,,,,,,,,,
PS15bwh,,,,,,,,,,,,,,,,,
1992ae,,,,,,,,,,,,,,,,,
2010hs,,,,,,,,,,,,,,,,,
17186,,,,,,,,,,,,,,,,,
560033,,,,,,,,,,,,,,,,,
130308,,,,,,,,,,,,,,,,,
SN2016glp,,,,,,,,,,,,,,,,,
010010,,,,,,,,,,,,,,,,,
160099,,,,,,,,,,,,,,,,,
000190,,,,,,,,,,,,,,,,,
140181,,,,,,,,,,,,,,,,,
100405,,,,,,,,,,,,,,,,,
13135,,,,,,,,,,,,,,,,,
20064,,,,,,,,,,,,,,,,,
13038,,,,,,,,,,,,,,,,,
18697,,,,,,,,,,,,,,,,,
20625,,,,,,,,,,,,,,,,,
3256,,,,,,,,,,,,,,,,,
120225,,,,,,,,,,,,,,,,,
21034,,,,,,,,,,,,,,,,,
500038,,,,,,,,,,,,,,,,,
7147,,,,,,,,,,,,,,,,,
020027,,,,,,,,,,,,,,,,,
18650,,,,,,,,,,,,,,,,,
18612,,,,,,,,,,,,,,,,,
8719,,,,,,,,,,,,,,,,,
5395,,,,,,,,,,,,,,,,,
2561,,,,,,,,,,,,,,,,,
16259,,,,,,,,,,,,,,,,,
1371,,,,,,,,,,,,,,,,,
000137,,,,,,,,,,,,,,,,,
5549,,,,,,,,,,,,,,,,,
12860,,,,,,,,,,,,,,,,,
490008,,,,,,,,,,,,,,,,,
19953,,,,,,,,,,,,,,,,,
390259,,,,,,,,,,,,,,,,,
18835,,,,,,,,,,,,,,,,,
2916,,,,,,,,,,,,,,,,,
16021,,,,,,,,,,,,,,,,,
13894,,,,,,,,,,,,,,,,,
570062,,,,,,,,,,,,,,,,,
6406,,,,,,,,,,,,,,,,,
19543,,,,,,,,,,,,,,,,,
13044,,,,,,,,,,,,,,,,,
15459,,,,,,,,,,,,,,,,,
2992,,,,,,,,,,,,,,,,,
16069,,,,,,,,,,,,,,,,,
744,,,,,,,,,,,,,,,,,
14871,,,,,,,,,,,,,,,,,
18855,,,,,,,,,,,,,,,,,
22075,,,,,,,,,,,,,,,,,
1032,,,,,,,,,,,,,,,,,
5751,,,,,,,,,,,,,,,,,
18415,,,,,,,,,,,,,,,,,
18809,,,,,,,,,,,,,,,,,
151034,,,,,,,,,,,,,,,,,
1334084,,,,,,,,,,,,,,,,,
15508,,,,,,,,,,,,,,,,,
14108,,,,,,,,,,,,,,,,,
15234,,,,,,,,,,,,,,,,,
000014,,,,,,,,,,,,,,,,,
17629,,,,,,,,,,,,,,,,,
19775,,,,,,,,,,,,,,,,,
18602,,,,,,,,,,,,,,,,,
21062,,,,,,,,,,,,,,,,,
17366,,,,,,,,,,,,,,,,,
15171,,,,,,,,,,,,,,,,,
190340,,,,,,,,,,,,,,,,,
20084,,,,,,,,,,,,,,,,,
12928,,,,,,,,,,,,,,,,,
190230,,,,,,,,,,,,,,,,,
090275,,,,,,,,,,,,,,,,,
1794,,,,,,,,,,,,,,,,,
17208,,,,,,,,,,,,,,,,,
340229,,,,,,,,,,,,,,,,,
1317666,,,,,,,,,,,,,,,,,
2635,,,,,,,,,,,,,,,,,
17568,,,,,,,,,,,,,,,,,
190260,,,,,,,,,,,,,,,,,
17497,,,,,,,,,,,,,,,,,
8921,,,,,,,,,,,,,,,,,
17605,,,,,,,,,,,,,,,,,
1296657,,,,,,,,,,,,,,,,,
440008,,,,,,,,,,,,,,,,,
1316385,,,,,,,,,,,,,,,,,
13796,,,,,,,,,,,,,,,,,
14024,,,,,,,,,,,,,,,,,
180166,,,,,,,,,,,,,,,,,
1293758,,,,,,,,,,,,,,,,,
14437,,,,,,,,,,,,,,,,,
1255502,,,,,,,,,,,,,,,,,
13736,,,,,,,,,,,,,,,,,
2308,,,,,,,,,,,,,,,,,
000038,,,,,,,,,,,,,,,,,
460003,,,,,,,,,,,,,,,,,
2031,,,,,,,,,,,,,,,,,
18323,,,,,,,,,,,,,,,,,
15132,,,,,,,,,,,,,,,,,
18740,,,,,,,,,,,,,,,,,
19353,,,,,,,,,,,,,,,,,
16073,,,,,,,,,,,,,,,,,
5550,,,,,,,,,,,,,,,,,
16116,,,,,,,,,,,,,,,,,
18030,,,,,,,,,,,,,,,,,
19940,,,,,,,,,,,,,,,,,
13354,,,,,,,,,,,,,,,,,
16206,,,,,,,,,,,,,,,,,
440042,,,,,,,,,,,,,,,,,
14782,,,,,,,,,,,,,,,,,
15425,,,,,,,,,,,,,,,,,
1299775,,,,,,,,,,,,,,,,,
3317,,,,,,,,,,,,,,,,,
2689,,,,,,,,,,,,,,,,,
390627,,,,,,,,,,,,,,,,,
5103,,,,,,,,,,,,,,,,,
120336,,,,,,,,,,,,,,,,,
17825,,,,,,,,,,,,,,,,,
19174,,,,,,,,,,,,,,,,,
3087,,,,,,,,,,,,,,,,,
19616,,,,,,,,,,,,,,,,,
20764,,,,,,,,,,,,,,,,,
20430,,,,,,,,,,,,,,,,,
12843,,,,,,,,,,,,,,,,,
12853,,,,,,,,,,,,,,,,,
350233,,,,,,,,,,,,,,,,,
17389,,,,,,,,,,,,,,,,,
12856,,,,,,,,,,,,,,,,,
590005,,,,,,,,,,,,,,,,,
310039,,,,,,,,,,,,,,,,,
19282,,,,,,,,,,,,,,,,,
1303279,,,,,,,,,,,,,,,,,
100090,,,,,,,,,,,,,,,,,
3080,,,,,,,,,,,,,,,,,
15897,,,,,,,,,,,,,,,,,
120143,,,,,,,,,,,,,,,,,
15648,,,,,,,,,,,,,,,,,
14421,,,,,,,,,,,,,,,,,
16165,,,,,,,,,,,,,,,,,
5350,,,,,,,,,,,,,,,,,
15583,,,,,,,,,,,,,,,,,
19969,,,,,,,,,,,,,,,,,
18604,,,,,,,,,,,,,,,,,
14979,,,,,,,,,,,,,,,,,
17218,,,,,,,,,,,,,,,,,
14451,,,,,,,,,,,,,,,,,
17220,,,,,,,,,,,,,,,,,
370428,,,,,,,,,,,,,,,,,
5635,,,,,,,,,,,,,,,,,
6936,,,,,,,,,,,,,,,,,
300179,,,,,,,,,,,,,,,,,
13045,,,,,,,,,,,,,,,,,
1347120,,,,,,,,,,,,,,,,,
2372,,,,,,,,,,,,,,,,,
1303496,,,,,,,,,,,,,,,,,
13254,,,,,,,,,,,,,,,,,
14284,,,,,,,,,,,,,,,,,
420159,,,,,,,,,,,,,,,,,
330023,,,,,,,,,,,,,,,,,
350548,,,,,,,,,,,,,,,,,
360112,,,,,,,,,,,,,,,,,
17215,,,,,,,,,,,,,,,,,
370595,,,,,,,,,,,,,,,,,
15443,,,,,,,,,,,,,,,,,
1339392,,,,,,,,,,,,,,,,,
17332,,,,,,,,,,,,,,,,,
1580,,,,,,,,,,,,,,,,,
1250017,,,,,,,,,,,,,,,,,
15453,,,,,,,,,,,,,,,,,
17391,,,,,,,,,,,,,,,,,
1257695,,,,,,,,,,,,,,,,,
17168,,,,,,,,,,,,,,,,,
20048,,,,,,,,,,,,,,,,,
1296321,,,,,,,,,,,,,,,,,
15421,,,,,,,,,,,,,,,,,
8213,,,,,,,,,,,,,,,,,
15461,,,,,,,,,,,,,,,,,
1336453,,,,,,,,,,,,,,,,,
6422,,,,,,,,,,,,,,,,,
16281,,,,,,,,,,,,,,,,,
370563,,,,,,,,,,,,,,,,,
15365,,,,,,,,,,,,,,,,,
18807,,,,,,,,,,,,,,,,,
5994,,,,,,,,,,,,,,,,,
12927,,,,,,,,,,,,,,,,,
16100,,,,,,,,,,,,,,,,,
1273127,,,,,,,,,,,,,,,,,
18787,,,,,,,,,,,,,,,,,
18749,,,,,,,,,,,,,,,,,
440643,,,,,,,,,,,,,,,,,
6304,,,,,,,,,,,,,,,,,
762,,,,,,,,,,,,,,,,,
20687,,,,,,,,,,,,,,,,,
2440,,,,,,,,,,,,,,,,,
16276,,,,,,,,,,,,,,,,,
2246,,,,,,,,,,,,,,,,,
20821,,,,,,,,,,,,,,,,,
1253920,,,,,,,,,,,,,,,,,
14984,,,,,,,,,,,,,,,,,
15674,,,,,,,,,,,,,,,,,
000236,,,,,,,,,,,,,,,,,
15129,,,,,,,,,,,,,,,,,
1298893,,,,,,,,,,,,,,,,,
1334620,,,,,,,,,,,,,,,,,
13070,,,,,,,,,,,,,,,,,
18804,,,,,,,,,,,,,,,,,
1302058,,,,,,,,,,,,,,,,,
15222,,,,,,,,,,,,,,,,,
1316431,,,,,,,,,,,,,,,,,
13370,,,,,,,,,,,,,,,,,
360145,,,,,,,,,,,,,,,,,
19658,,,,,,,,,,,,,,,,,
18768,,,,,,,,,,,,,,,,,
110460,,,,,,,,,,,,,,,,,
500504,,,,,,,,,,,,,,,,,
560150,,,,,,,,,,,,,,,,,
19101,,,,,,,,,,,,,,,,,
470232,,,,,,,,,,,,,,,,,
370308,,,,,,,,,,,,,,,,,
590002,,,,,,,,,,,,,,,,,
13152,,,,,,,,,,,,,,,,,
19913,,,,,,,,,,,,,,,,,
6780,,,,,,,,,,,,,,,,,
14212,,,,,,,,,,,,,,,,,
15203,,,,,,,,,,,,,,,,,
16032,,,,,,,,,,,,,,,,,
7243,,,,,,,,,,,,,,,,,
15901,,,,,,,,,,,,,,,,,
18965,,,,,,,,,,,,,,,,,
110033,,,,,,,,,,,,,,,,,
17801,,,,,,,,,,,,,,,,,
15872,,,,,,,,,,,,,,,,,
1327978,,,,,,,,,,,,,,,,,
15201,,,,,,,,,,,,,,,,,
1283373,,,,,,,,,,,,,,,,,
20376,,,,,,,,,,,,,,,,,
15467,,,,,,,,,,,,,,,,,
200132,,,,,,,,,,,,,,,,,
15259,,,,,,,,,,,,,,,,,
140152,,,,,,,,,,,,,,,,,
16482,,,,,,,,,,,,,,,,,
550154,,,,,,,,,,,,,,,,,
19149,,,,,,,,,,,,,,,,,
460105,,,,,,,,,,,,,,,,,
14157,,,,,,,,,,,,,,,,,
18940,,,,,,,,,,,,,,,,,
1257366,,,,,,,,,,,,,,,,,
7847,,,,,,,,,,,,,,,,,
17811,,,,,,,,,,,,,,,,,
18927,,,,,,,,,,,,,,,,,
13305,,,,,,,,,,,,,,,,,
8495,,,,,,,,,,,,,,,,,
6933,,,,,,,,,,,,,,,,,
110567,,,,,,,,,,,,,,,,,
1249851,,,,,,,,,,,,,,,,,
14019,,,,,,,,,,,,,,,,,
1316,,,,,,,,,,,,,,,,,
100206,,,,,,,,,,,,,,,,,
17435,,,,,,,,,,,,,,,,,
7473,,,,,,,,,,,,,,,,,
20364,,,,,,,,,,,,,,,,,
13641,,,,,,,,,,,,,,,,,
1290816,,,,,,,,,,,,,,,,,
1304678,,,,,,,,,,,,,,,,,
9467,,,,,,,,,,,,,,,,,
5533,,,,,,,,,,,,,,,,,
1342255,,,,,,,,,,,,,,,,,
1302187,,,,,,,,,,,,,,,,,
15433,,,,,,,,,,,,,,,,,
000220,,,,,,,,,,,,,,,,,
18466,,,,,,,,,,,,,,,,,
14331,,,,,,,,,,,,,,,,,
19230,,,,,,,,,,,,,,,,,
7512,,,,,,,,,,,,,,,,,
15354,,,,,,,,,,,,,,,,,
370098,,,,,,,,,,,,,,,,,
480464,,,,,,,,,,,,,,,,,
1331123,,,,,,,,,,,,,,,,,
13025,,,,,,,,,,,,,,,,,
14846,,,,,,,,,,,,,,,,,
330083,,,,,,,,,,,,,,,,,
1304442,,,,,,,,,,,,,,,,,
550096,,,,,,,,,,,,,,,,,
1292560,,,,,,,,,,,,,,,,,
030066,,,,,,,,,,,,,,,,,
13727,,,,,,,,,,,,,,,,,
15229,,,,,,,,,,,,,,,,,
020096,,,,,,,,,,,,,,,,,
19992,,,,,,,,,,,,,,,,,
1315192,,,,,,,,,,,,,,,,,
1315259,,,,,,,,,,,,,,,,,
180561,,,,,,,,,,,,,,,,,
13072,,,,,,,,,,,,,,,,,
3452,,,,,,,,,,,,,,,,,
21033,,,,,,,,,,,,,,,,,
000006,,,,,,,,,,,,,,,,,
040780,,,,,,,,,,,,,,,,,
19008,,,,,,,,,,,,,,,,,
360140,,,,,,,,,,,,,,,,,
17875,,,,,,,,,,,,,,,,,
430004,,,,,,,,,,,,,,,,,
1302648,,,,,,,,,,,,,,,,,
1275946,,,,,,,,,,,,,,,,,
15369,,,,,,,,,,,,,,,,,
1292336,,,,,,,,,,,,,,,,,
350047,,,,,,,,,,,,,,,,,
1336687,,,,,,,,,,,,,,,,,
12971,,,,,,,,,,,,,,,,,
110536,,,,,,,,,,,,,,,,,
1279500,,,,,,,,,,,,,,,,,
1319366,,,,,,,,,,,,,,,,,
1298281,,,,,,,,,,,,,,,,,
19341,,,,,,,,,,,,,,,,,
15287,,,,,,,,,,,,,,,,,
310574,,,,,,,,,,,,,,,,,
13511,,,,,,,,,,,,,,,,,
12881,,,,,,,,,,,,,,,,,
16350,,,,,,,,,,,,,,,,,
1317277,,,,,,,,,,,,,,,,,
20768,,,,,,,,,,,,,,,,,
17884,,,,,,,,,,,,,,,,,
470008,,,,,,,,,,,,,,,,,
18486,,,,,,,,,,,,,,,,,
510251,,,,,,,,,,,,,,,,,
580300,,,,,,,,,,,,,,,,,
510550,,,,,,,,,,,,,,,,,
460064,,,,,,,,,,,,,,,,,
17223,,,,,,,,,,,,,,,,,
14481,,,,,,,,,,,,,,,,,
20111,,,,,,,,,,,,,,,,,
480064,,,,,,,,,,,,,,,,,
20088,,,,,,,,,,,,,,,,,
13506,,,,,,,,,,,,,,,,,
19023,,,,,,,,,,,,,,,,,
15466,,,,,,,,,,,,,,,,,
3377,,,,,,,,,,,,,,,,,
000174,,,,,,,,,,,,,,,,,
420407,,,,,,,,,,,,,,,,,
20039,,,,,,,,,,,,,,,,,
000010,,,,,,,,,,,,,,,,,
13835,,,,,,,,,,,,,,,,,
15219,,,,,,,,,,,,,,,,,
12977,,,,,,,,,,,,,,,,,
05D3mq,,,,,,,,,,,,,,,,,
1334645,,,,,,,,,,,,,,,,,
3451,,,,,,,,,,,,,,,,,
420087,,,,,,,,,,,,,,,,,
450082,,,,,,,,,,,,,,,,,
560152,,,,,,,,,,,,,,,,,
15161,,,,,,,,,,,,,,,,,
19990,,,,,,,,,,,,,,,,,
120585,,,,,,,,,,,,,,,,,
3199,,,,,,,,,,,,,,,,,
16106,,,,,,,,,,,,,,,,,
15868,,,,,,,,,,,,,,,,,
520077,,,,,,,,,,,,,,,,,
390449,,,,,,,,,,,,,,,,,
13689,,,,,,,,,,,,,,,,,
5717,,,,,,,,,,,,,,,,,
500004,,,,,,,,,,,,,,,,,
16213,,,,,,,,,,,,,,,,,
17552,,,,,,,,,,,,,,,,,
310161,,,,,,,,,,,,,,,,,
9032,,,,,,,,,,,,,,,,,
000034,,,,,,,,,,,,,,,,,
17464,,,,,,,,,,,,,,,,,
5736,,,,,,,,,,,,,,,,,
1336480,,,,,,,,,,,,,,,,,
1112,,,,,,,,,,,,,,,,,
17340,,,,,,,,,,,,,,,,,
9457,,,,,,,,,,,,,,,,,
19207,,,,,,,,,,,,,,,,,
18325,,,,,,,,,,,,,,,,,
8046,,,,,,,,,,,,,,,,,
6108,,,,,,,,,,,,,,,,,
550041,,,,,,,,,,,,,,,,,
1297026,,,,,,,,,,,,,,,,,
1303883,,,,,,,,,,,,,,,,,
1289664,,,,,,,,,,,,,,,,,
1335694,,,,,,,,,,,,,,,,,
12972,,,,,,,,,,,,,,,,,
1330426,,,,,,,,,,,,,,,,,
020176,,,,,,,,,,,,,,,,,
370498,,,,,,,,,,,,,,,,,
15440,,,,,,,,,,,,,,,,,
1337649,,,,,,,,,,,,,,,,,
2017,,,,,,,,,,,,,,,,,
19702,,,,,,,,,,,,,,,,,
1253,,,,,,,,,,,,,,,,,
13655,,,,,,,,,,,,,,,,,
18945,,,,,,,,,,,,,,,,,
13956,,,,,,,,,,,,,,,,,
520019,,,,,,,,,,,,,,,,,
04D3ez,,,,,,,,,,,,,,,,,
350235,,,,,,,,,,,,,,,,,
330022,,,,,,,,,,,,,,,,,
12983,,,,,,,,,,,,,,,,,
2943,,,,,,,,,,,,,,,,,
110478,,,,,,,,,,,,,,,,,
13099,,,,,,,,,,,,,,,,,
2422,,,,,,,,,,,,,,,,,
6315,,,,,,,,,,,,,,,,,
1334087,,,,,,,,,,,,,,,,,
18463,,,,,,,,,,,,,,,,,
1309288,,,,,,,,,,,,,,,,,
520023,,,,,,,,,,,,,,,,,
530037,,,,,,,,,,,,,,,,,
06D3fp,,,,,,,,,,,,,,,,,
14298,,,,,,,,,,,,,,,,,
510638,,,,,,,,,,,,,,,,,
19002,,,,,,,,,,,,,,,,,
310051,,,,,,,,,,,,,,,,,
160039,,,,,,,,,,,,,,,,,
380378,,,,,,,,,,,,,,,,,
1292332,,,,,,,,,,,,,,,,,
15356,,,,,,,,,,,,,,,,,
420258,,,,,,,,,,,,,,,,,
100213,,,,,,,,,,,,,,,,,
150254,,,,,,,,,,,,,,,,,
20227,,,,,,,,,,,,,,,,,
19051,,,,,,,,,,,,,,,,,
4000,,,,,,,,,,,,,,,,,
4046,,,,,,,,,,,,,,,,,
1297465,,,,,,,,,,,,,,,,,
5957,,,,,,,,,,,,,,,,,
6196,,,,,,,,,,,,,,,,,
040201,,,,,,,,,,,,,,,,,
520188,,,,,,,,,,,,,,,,,
18485,,,,,,,,,,,,,,,,,
1317286,,,,,,,,,,,,,,,,,
06D3dt,,,,,,,,,,,,,,,,,
15584,,,,,,,,,,,,,,,,,
310238,,,,,,,,,,,,,,,,,
14261,,,,,,,,,,,,,,,,,
16072,,,,,,,,,,,,,,,,,
17791,,,,,,,,,,,,,,,,,
440050,,,,,,,,,,,,,,,,,
350080,,,,,,,,,,,,,,,,,
20040,,,,,,,,,,,,,,,,,
20245,,,,,,,,,,,,,,,,,
17809,,,,,,,,,,,,,,,,,
19128,,,,,,,,,,,,,,,,,
1334644,,,,,,,,,,,,,,,,,
1313594,,,,,,,,,,,,,,,,,
091869,,,,,,,,,,,,,,,,,
2165,,,,,,,,,,,,,,,,,
2789,,,,,,,,,,,,,,,,,
1334597,,,,,,,,,,,,,,,,,
1310395,,,,,,,,,,,,,,,,,
350180,,,,,,,,,,,,,,,,,
1289288,,,,,,,,,,,,,,,,,
570056,,,,,,,,,,,,,,,,,
19596,,,,,,,,,,,,,,,,,
19027,,,,,,,,,,,,,,,,,
1291090,,,,,,,,,,,,,,,,,
1263715,,,,,,,,,,,,,,,,,
12841,,,,,,,,,,,,,,,,,
390264,,,,,,,,,,,,,,,,,
21006,,,,,,,,,,,,,,,,,
420414,,,,,,,,,,,,,,,,,
150509,,,,,,,,,,,,,,,,,
130755,,,,,,,,,,,,,,,,,
6249,,,,,,,,,,,,,,,,,
1303004,,,,,,,,,,,,,,,,,
19794,,,,,,,,,,,,,,,,,
580270,,,,,,,,,,,,,,,,,
1119,,,,,,,,,,,,,,,,,
13610,,,,,,,,,,,,,,,,,
1293319,,,,,,,,,,,,,,,,,
420196,,,,,,,,,,,,,,,,,
570025,,,,,,,,,,,,,,,,,
6137,,,,,,,,,,,,,,,,,
10550,,,,,,,,,,,,,,,,,
120444,,,,,,,,,,,,,,,,,
14735,,,,,,,,,,,,,,,,,
170428,,,,,,,,,,,,,,,,,
5391,,,,,,,,,,,,,,,,,
350078,,,,,,,,,,,,,,,,,
350192,,,,,,,,,,,,,,,,,
570022,,,,,,,,,,,,,,,,,
460037,,,,,,,,,,,,,,,,,
1339002,,,,,,,,,,,,,,,,,
150457,,,,,,,,,,,,,,,,,
7143,,,,,,,,,,,,,,,,,
1287626,,,,,,,,,,,,,,,,,
19818,,,,,,,,,,,,,,,,,
1335717,,,,,,,,,,,,,,,,,
1259412,,,,,,,,,,,,,,,,,
12883,,,,,,,,,,,,,,,,,
350630,,,,,,,,,,,,,,,,,
440005,,,,,,,,,,,,,,,,,
350027,,,,,,,,,,,,,,,,,
560087,,,,,,,,,,,,,,,,,
340334,,,,,,,,,,,,,,,,,
1281668,,,,,,,,,,,,,,,,,
520062,,,,,,,,,,,,,,,,,
5966,,,,,,,,,,,,,,,,,
1319821,,,,,,,,,,,,,,,,,
6699,,,,,,,,,,,,,,,,,
5844,,,,,,,,,,,,,,,,,
16211,,,,,,,,,,,,,,,,,
21042,,,,,,,,,,,,,,,,,
1300516,,,,,,,,,,,,,,,,,
15213,,,,,,,,,,,,,,,,,
500100,,,,,,,,,,,,,,,,,
000420,,,,,,,,,,,,,,,,,
1338128,,,,,,,,,,,,,,,,,
1337838,,,,,,,,,,,,,,,,,
1263369,,,,,,,,,,,,,,,,,
1294743,,,,,,,,,,,,,,,,,
20142,,,,,,,,,,,,,,,,,
1283878,,,,,,,,,,,,,,,,,
1341894,,,,,,,,,,,,,,,,,
19632,,,,,,,,,,,,,,,,,
530112,,,,,,,,,,,,,,,,,
15383,,,,,,,,,,,,,,,,,
6649,,,,,,,,,,,,,,,,,
110716,,,,,,,,,,,,,,,,,
15776,,,,,,,,,,,,,,,,,
6100,,,,,,,,,,,,,,,,,
100163,,,,,,,,,,,,,,,,,
1345553,,,,,,,,,,,,,,,,,
080646,,,,,,,,,,,,,,,,,
550059,,,,,,,,,,,,,,,,,
310188,,,,,,,,,,,,,,,,,
440509,,,,,,,,,,,,,,,,,
170078,,,,,,,,,,,,,,,,,
330128,,,,,,,,,,,,,,,,,
1266657,,,,,,,,,,,,,,,,,
120085,,,,,,,,,,,,,,,,,
580104,,,,,,,,,,,,,,,,,
1261579,,,,,,,,,,,,,,,,,
7475,,,,,,,,,,,,,,,,,
05D2ab,,,,,,,,,,,,,,,,,
050291,,,,,,,,,,,,,,,,,
500301,,,,,,,,,,,,,,,,,
18617,,,,,,,,,,,,,,,,,
1305626,,,,,,,,,,,,,,,,,
1308326,,,,,,,,,,,,,,,,,
14456,,,,,,,,,,,,,,,,,
050303,,,,,,,,,,,,,,,,,
530219,,,,,,,,,,,,,,,,,
430003,,,,,,,,,,,,,,,,,
1337687,,,,,,,,,,,,,,,,,
1306073,,,,,,,,,,,,,,,,,
6924,,,,,,,,,,,,,,,,,
1316465,,,,,,,,,,,,,,,,,
13934,,,,,,,,,,,,,,,,,
540163,,,,,,,,,,,,,,,,,
1301933,,,,,,,,,,,,,,,,,
13830,,,,,,,,,,,,,,,,,
120369,,,,,,,,,,,,,,,,,
1338675,,,,,,,,,,,,,,,,,
4241,,,,,,,,,,,,,,,,,
480184,,,,,,,,,,,,,,,,,
370394,,,,,,,,,,,,,,,,,
03D1fc,,,,,,,,,,,,,,,,,
580235,,,,,,,,,,,,,,,,,
20106,,,,,,,,,,,,,,,,,
370344,,,,,,,,,,,,,,,,,
470041,,,,,,,,,,,,,,,,,
1306141,,,,,,,,,,,,,,,,,
130862,,,,,,,,,,,,,,,,,
1309492,,,,,,,,,,,,,,,,,
1346956,,,,,,,,,,,,,,,,,
16093,,,,,,,,,,,,,,,,,
500511,,,,,,,,,,,,,,,,,
1346966,,,,,,,,,,,,,,,,,
1314897,,,,,,,,,,,,,,,,,
470015,,,,,,,,,,,,,,,,,
040782,,,,,,,,,,,,,,,,,
04D3kr,,,,,,,,,,,,,,,,,
1300912,,,,,,,,,,,,,,,,,
380318,,,,,,,,,,,,,,,,,
580276,,,,,,,,,,,,,,,,,
1343337,,,,,,,,,,,,,,,,,
04D3nh,,,,,,,,,,,,,,,,,
320258,,,,,,,,,,,,,,,,,
2533,,,,,,,,,,,,,,,,,
1336009,,,,,,,,,,,,,,,,,
1346387,,,,,,,,,,,,,,,,,
350606,,,,,,,,,,,,,,,,,
1329312,,,,,,,,,,,,,,,,,
470110,,,,,,,,,,,,,,,,,
03D1bp,,,,,,,,,,,,,,,,,
310090,,,,,,,,,,,,,,,,,
050301,,,,,,,,,,,,,,,,,
330089,,,,,,,,,,,,,,,,,
160198,,,,,,,,,,,,,,,,,
1258906,,,,,,,,,,,,,,,,,
070955,,,,,,,,,,,,,,,,,
380279,,,,,,,,,,,,,,,,,
04D2mc,,,,,,,,,,,,,,,,,
05D2ie,,,,,,,,,,,,,,,,,
440185,,,,,,,,,,,,,,,,,
20186,,,,,,,,,,,,,,,,,
1248677,,,,,,,,,,,,,,,,,
000196,,,,,,,,,,,,,,,,,
050296,,,,,,,,,,,,,,,,,
05D2hc,,,,,,,,,,,,,,,,,
120400,,,,,,,,,,,,,,,,,
160197,,,,,,,,,,,,,,,,,
1688,,,,,,,,,,,,,,,,,
1334423,,,,,,,,,,,,,,,,,
04D3fk,,,,,,,,,,,,,,,,,
04D2fs,,,,,,,,,,,,,,,,,
1280217,,,,,,,,,,,,,,,,,
160070,,,,,,,,,,,,,,,,,
1307830,,,,,,,,,,,,,,,,,
050293,,,,,,,,,,,,,,,,,
160126,,,,,,,,,,,,,,,,,
470244,,,,,,,,,,,,,,,,,
420417,,,,,,,,,,,,,,,,,
1294014,,,,,,,,,,,,,,,,,
1346137,,,,,,,,,,,,,,,,,
560121,,,,,,,,,,,,,,,,,
100358,,,,,,,,,,,,,,,,,
190209,,,,,,,,,,,,,,,,,
1308582,,,,,,,,,,,,,,,,,
350083,,,,,,,,,,,,,,,,,
04D1hd,,,,,,,,,,,,,,,,,
1343533,,,,,,,,,,,,,,,,,
1283936,,,,,,,,,,,,,,,,,
15704,,,,,,,,,,,,,,,,,
18091,,,,,,,,,,,,,,,,,
510578,,,,,,,,,,,,,,,,,
04D2cf,,,,,,,,,,,,,,,,,
05D4bm,,,,,,,,,,,,,,,,,
13136,,,,,,,,,,,,,,,,,
05D3jr,,,,,,,,,,,,,,,,,
390471,,,,,,,,,,,,,,,,,
320469,,,,,,,,,,,,,,,,,
1291957,,,,,,,,,,,,,,,,,
000199,,,,,,,,,,,,,,,,,
16232,,,,,,,,,,,,,,,,,
1299643,,,,,,,,,,,,,,,,,
1282736,,,,,,,,,,,,,,,,,
590031,,,,,,,,,,,,,,,,,
7779,,,,,,,,,,,,,,,,,
320099,,,,,,,,,,,,,,,,,
500057,,,,,,,,,,,,,,,,,
110425,,,,,,,,,,,,,,,,,
1299785,,,,,,,,,,,,,,,,,
000011,,,,,,,,,,,,,,,,,
040150,,,,,,,,,,,,,,,,,
580275,,,,,,,,,,,,,,,,,
1343401,,,,,,,,,,,,,,,,,
1281886,,,,,,,,,,,,,,,,,
360139,,,,,,,,,,,,,,,,,
1338170,,,,,,,,,,,,,,,,,
550218,,,,,,,,,,,,,,,,,
050251,,,,,,,,,,,,,,,,,
420352,,,,,,,,,,,,,,,,,
1290779,,,,,,,,,,,,,,,,,
120086,,,,,,,,,,,,,,,,,
1291794,,,,,,,,,,,,,,,,,
1296273,,,,,,,,,,,,,,,,,
1333438,,,,,,,,,,,,,,,,,
05D4ff,,,,,,,,,,,,,,,,,
110734,,,,,,,,,,,,,,,,,
580312,,,,,,,,,,,,,,,,,
1329615,,,,,,,,,,,,,,,,,
06D3ed,,,,,,,,,,,,,,,,,
350050,,,,,,,,,,,,,,,,,
05D4dt,,,,,,,,,,,,,,,,,
1308314,,,,,,,,,,,,,,,,,
1341370,,,,,,,,,,,,,,,,,
1306390,,,,,,,,,,,,,,,,,
450339,,,,,,,,,,,,,,,,,
06D4cq,,,,,,,,,,,,,,,,,
020090,,,,,,,,,,,,,,,,,
1307277,,,,,,,,,,,,,,,,,
530251,,,,,,,,,,,,,,,,,
520071,,,,,,,,,,,,,,,,,
1315296,,,,,,,,,,,,,,,,,
04D2fp,,,,,,,,,,,,,,,,,
440162,,,,,,,,,,,,,,,,,
550137,,,,,,,,,,,,,,,,,
1289600,,,,,,,,,,,,,,,,,
05D3cf,,,,,,,,,,,,,,,,,
1340454,,,,,,,,,,,,,,,,,
550202,,,,,,,,,,,,,,,,,
1306626,,,,,,,,,,,,,,,,,
110430,,,,,,,,,,,,,,,,,
1306991,,,,,,,,,,,,,,,,,
04D4gg,,,,,,,,,,,,,,,,,
1345594,,,,,,,,,,,,,,,,,
490037,,,,,,,,,,,,,,,,,
160200,,,,,,,,,,,,,,,,,
1302523,,,,,,,,,,,,,,,,,
1312274,,,,,,,,,,,,,,,,,
1295027,,,,,,,,,,,,,,,,,
1258940,,,,,,,,,,,,,,,,,
050003,,,,,,,,,,,,,,,,,
110542,,,,,,,,,,,,,,,,,
110719,,,,,,,,,,,,,,,,,
05D2cb,,,,,,,,,,,,,,,,,
440236,,,,,,,,,,,,,,,,,
1306029,,,,,,,,,,,,,,,,,
100101,,,,,,,,,,,,,,,,,
080723,,,,,,,,,,,,,,,,,
06D4co,,,,,,,,,,,,,,,,,
000142,,,,,,,,,,,,,,,,,
1336008,,,,,,,,,,,,,,,,,
1333246,,,,,,,,,,,,,,,,,
1310338,,,,,,,,,,,,,,,,,
560027,,,,,,,,,,,,,,,,,
050607,,,,,,,,,,,,,,,,,
040166,,,,,,,,,,,,,,,,,
510266,,,,,,,,,,,,,,,,,
1328105,,,,,,,,,,,,,,,,,
1295256,,,,,,,,,,,,,,,,,
06D3df,,,,,,,,,,,,,,,,,
06D2gb,,,,,,,,,,,,,,,,,
1291080,,,,,,,,,,,,,,,,,
040137,,,,,,,,,,,,,,,,,
1328066,,,,,,,,,,,,,,,,,
1320166,,,,,,,,,,,,,,,,,
050580,,,,,,,,,,,,,,,,,
520016,,,,,,,,,,,,,,,,,
04D2gb,,,,,,,,,,,,,,,,,
120094,,,,,,,,,,,,,,,,,
04D3gt,,,,,,,,,,,,,,,,,
1290127,,,,,,,,,,,,,,,,,
1253101,,,,,,,,,,,,,,,,,
1253039,,,,,,,,,,,,,,,,,
1334302,,,,,,,,,,,,,,,,,
1306360,,,,,,,,,,,,,,,,,
1345582,,,,,,,,,,,,,,,,,
380199,,,,,,,,,,,,,,,,,
510597,,,,,,,,,,,,,,,,,
05D3lc,,,,,,,,,,,,,,,,,
03D4au,,,,,,,,,,,,,,,,,
000215,,,,,,,,,,,,,,,,,
04D4jr,,,,,,,,,,,,,,,,,
1339149,,,,,,,,,,,,,,,,,
04D4ju,,,,,,,,,,,,,,,,,
05D3mx,,,,,,,,,,,,,,,,,
370367,,,,,,,,,,,,,,,,,
1316437,,,,,,,,,,,,,,,,,
370329,,,,,,,,,,,,,,,,,
310146,,,,,,,,,,,,,,,,,
1306537,,,,,,,,,,,,,,,,,
560054,,,,,,,,,,,,,,,,,
05D3dd,,,,,,,,,,,,,,,,,
05D2ac,,,,,,,,,,,,,,,,,
120044,,,,,,,,,,,,,,,,,
1292145,,,,,,,,,,,,,,,,,
1343208,,,,,,,,,,,,,,,,,
1305504,,,,,,,,,,,,,,,,,
03D1ax,,,,,,,,,,,,,,,,,
05D4af,,,,,,,,,,,,,,,,,
06D2bk,,,,,,,,,,,,,,,,,
350374,,,,,,,,,,,,,,,,,
1337272,,,,,,,,,,,,,,,,,
030006,,,,,,,,,,,,,,,,,
510457,,,,,,,,,,,,,,,,,
03D1au,,,,,,,,,,,,,,,,,
1335472,,,,,,,,,,,,,,,,,
1343759,,,,,,,,,,,,,,,,,
310091,,,,,,,,,,,,,,,,,
05D4av,,,,,,,,,,,,,,,,,
090201,,,,,,,,,,,,,,,,,
180313,,,,,,,,,,,,,,,,,
110484,,,,,,,,,,,,,,,,,
05D2dy,,,,,,,,,,,,,,,,,
04D4in,,,,,,,,,,,,,,,,,
04D2mj,,,,,,,,,,,,,,,,,
1338430,,,,,,,,,,,,,,,,,
1334470,,,,,,,,,,,,,,,,,
310260,,,,,,,,,,,,,,,,,
450175,,,,,,,,,,,,,,,,,
06D3el,,,,,,,,,,,,,,,,,
04D2gc,,,,,,,,,,,,,,,,,
1295921,,,,,,,,,,,,,,,,,
1322229,,,,,,,,,,,,,,,,,
050005,,,,,,,,,,,,,,,,,
1322979,,,,,,,,,,,,,,,,,
330106,,,,,,,,,,,,,,,,,
160066,,,,,,,,,,,,,,,,,
1338471,,,,,,,,,,,,,,,,,
1337703,,,,,,,,,,,,,,,,,
06D2ca,,,,,,,,,,,,,,,,,
06D2cc,,,,,,,,,,,,,,,,,
05D4ek,,,,,,,,,,,,,,,,,
05D4be,,,,,,,,,,,,,,,,,
1289656,,,,,,,,,,,,,,,,,
110426,,,,,,,,,,,,,,,,,
1324542,,,,,,,,,,,,,,,,,
520041,,,,,,,,,,,,,,,,,
04D4bq,,,,,,,,,,,,,,,,,
1306980,,,,,,,,,,,,,,,,,
050201,,,,,,,,,,,,,,,,,
06D4bo,,,,,,,,,,,,,,,,,
1339450,,,,,,,,,,,,,,,,,
04D3hn,,,,,,,,,,,,,,,,,
06D2ck,,,,,,,,,,,,,,,,,
1337117,,,,,,,,,,,,,,,,,
05D1ee,,,,,,,,,,,,,,,,,
05D1kl,,,,,,,,,,,,,,,,,
04D1hx,,,,,,,,,,,,,,,,,
1289555,,,,,,,,,,,,,,,,,
1303952,,,,,,,,,,,,,,,,,
05D1cc,,,,,,,,,,,,,,,,,
1285317,,,,,,,,,,,,,,,,,
1330903,,,,,,,,,,,,,,,,,
1338278,,,,,,,,,,,,,,,,,
1317454,,,,,,,,,,,,,,,,,
1306785,,,,,,,,,,,,,,,,,
05D2dt,,,,,,,,,,,,,,,,,
050203,,,,,,,,,,,,,,,,,
06D3et,,,,,,,,,,,,,,,,,
1337228,,,,,,,,,,,,,,,,,
03D4gf,,,,,,,,,,,,,,,,,
110721,,,,,,,,,,,,,,,,,
05D1dx,,,,,,,,,,,,,,,,,
1332059,,,,,,,,,,,,,,,,,
05D3jq,,,,,,,,,,,,,,,,,
05D3gp,,,,,,,,,,,,,,,,,
03D1aw,,,,,,,,,,,,,,,,,
04D1jg,,,,,,,,,,,,,,,,,
05D4ej,,,,,,,,,,,,,,,,,
04D1kj,,,,,,,,,,,,,,,,,
04D1sa,,,,,,,,,,,,,,,,,
1338387,,,,,,,,,,,,,,,,,
05D1hm,,,,,,,,,,,,,,,,,
05D4bf,,,,,,,,,,,,,,,,,
03D4gg,,,,,,,,,,,,,,,,,
04D2mh,,,,,,,,,,,,,,,,,
05D3lr,,,,,,,,,,,,,,,,,
1338233,,,,,,,,,,,,,,,,,
05D4ef,,,,,,,,,,,,,,,,,
1335564,,,,,,,,,,,,,,,,,
03D4dy,,,,,,,,,,,,,,,,,
1302141,,,,,,,,,,,,,,,,,
1332413,,,,,,,,,,,,,,,,,
05D2he,,,,,,,,,,,,,,,,,
04D3do,,,,,,,,,,,,,,,,,
04D4an,,,,,,,,,,,,,,,,,
1295305,,,,,,,,,,,,,,,,,
05D1ck,,,,,,,,,,,,,,,,,
1308957,,,,,,,,,,,,,,,,,
1335868,,,,,,,,,,,,,,,,,
000202,,,,,,,,,,,,,,,,,
04D3co,,,,,,,,,,,,,,,,,
03D4dh,,,,,,,,,,,,,,,,,
04D4fx,,,,,,,,,,,,,,,,,
05D1cb,,,,,,,,,,,,,,,,,
05D2ci,,,,,,,,,,,,,,,,,
03D4at,,,,,,,,,,,,,,,,,
1330642,,,,,,,,,,,,,,,,,
04D1pu,,,,,,,,,,,,,,,,,
1343871,,,,,,,,,,,,,,,,,
05D4ag,,,,,,,,,,,,,,,,,
1337325,,,,,,,,,,,,,,,,,
1334879,,,,,,,,,,,,,,,,,
05D2ec,,,,,,,,,,,,,,,,,
1308568,,,,,,,,,,,,,,,,,
04D3cy,,,,,,,,,,,,,,,,,
05D3ax,,,,,,,,,,,,,,,,,
05D3lb,,,,,,,,,,,,,,,,,
1338266,,,,,,,,,,,,,,,,,
05D3kt,,,,,,,,,,,,,,,,,
1334707,,,,,,,,,,,,,,,,,
05D3hs,,,,,,,,,,,,,,,,,
05D3mh,,,,,,,,,,,,,,,,,
03D1co,,,,,,,,,,,,,,,,,
06D3cc,,,,,,,,,,,,,,,,,
04D4ic,,,,,,,,,,,,,,,,,
05D1ke,,,,,,,,,,,,,,,,,
1262715,,,,,,,,,,,,,,,,,
1262214,,,,,,,,,,,,,,,,,
06D3em,,,,,,,,,,,,,,,,,
03D4cz,,,,,,,,,,,,,,,,,
04D4ib,,,,,,,,,,,,,,,,,
06D4ba,,,,,,,,,,,,,,,,,
05D4bj,,,,,,,,,,,,,,,,,
05D4cq,,,,,,,,,,,,,,,,,
1335718,,,,,,,,,,,,,,,,,
04D1si,,,,,,,,,,,,,,,,,
04D4hu,,,,,,,,,,,,,,,,,
04D2iu,,,,,,,,,,,,,,,,,
05D2le,,,,,,,,,,,,,,,,,
05D3gv,,,,,,,,,,,,,,,,,
05D3jh,,,,,,,,,,,,,,,,,
1331993,,,,,,,,,,,,,,,,,
04D1aj,,,,,,,,,,,,,,,,,
05D4ev,,,,,,,,,,,,,,,,,
06D3gh,,,,,,,,,,,,,,,,,
06D3do,,,,,,,,,,,,,,,,,
06D3bz,,,,,,,,,,,,,,,,,
1304127,,,,,,,,,,,,,,,,,
06D4bw,,,,,,,,,,,,,,,,,
1329166,,,,,,,,,,,,,,,,,
04D1pp,,,,,,,,,,,,,,,,,
04D2gp,,,,,,,,,,,,,,,,,
05D2fq,,,,,,,,,,,,,,,,,
05D1eo,,,,,,,,,,,,,,,,,
05D2ct,,,,,,,,,,,,,,,,,
05D3jk,,,,,,,,,,,,,,,,,
04D2ja,,,,,,,,,,,,,,,,,
04D3fq,,,,,,,,,,,,,,,,,
05D3jb,,,,,,,,,,,,,,,,,
04D2kr,,,,,,,,,,,,,,,,,
04D4im,,,,,,,,,,,,,,,,,
1285160,,,,,,,,,,,,,,,,,
04D3ks,,,,,,,,,,,,,,,,,
05D2nt,,,,,,,,,,,,,,,,,
05D3mn,,,,,,,,,,,,,,,,,
05D4cn,,,,,,,,,,,,,,,,,
05D1if,,,,,,,,,,,,,,,,,
04D1qd,,,,,,,,,,,,,,,,,
04D1de,,,,,,,,,,,,,,,,,
05D3hh,,,,,,,,,,,,,,,,,
04D4id,,,,,,,,,,,,,,,,,
04D1pc,,,,,,,,,,,,,,,,,
1329196,,,,,,,,,,,,,,,,,
05D4bi,,,,,,,,,,,,,,,,,
1325358,,,,,,,,,,,,,,,,,
05D4cs,,,,,,,,,,,,,,,,,
03D4fd,,,,,,,,,,,,,,,,,
1309749,,,,,,,,,,,,,,,,,
04D1ks,,,,,,,,,,,,,,,,,
03D1fq,,,,,,,,,,,,,,,,,
Elvis,,,,,,,,,,,,,,,,,
Spock,,,,,,,,,,,,,,,,,
Manipogo,,,,,,,,,,,,,,,,,
Vilas,,,,,,,,,,,,,,,,,
Ombo,,,,,,,,,,,,,,,,,
SCP05D0,,,,,,,,,,,,,,,,,
Eagle,,,,,,,,,,,,,,,,,
Ferguson,,,,,,,,,,,,,,,,,
Strolger,,,,,,,,,,,,,,,,,
SCP06U4,,,,,,,,,,,,,,,,,
Gabi,,,,,,,,,,,,,,,,,
SCP06H5,,,,,,,,,,,,,,,,,
Lancaster,,,,,,,,,,,,,,,,,
Aphrodite,,,,,,,,,,,,,,,,,
Thoth,,,,,,,,,,,,,,,,,
Inanna,,,,,,,,,,,,,,,,,
SCP05D6,,,,,,,,,,,,,,,,,
washington,,,,,,,,,,,,,,,,,
Borg,,,,,,,,,,,,,,,,,
SCP06G4,,,,,,,,,,,,,,,,,
Mcguire,,,,,,,,,,,,,,,,,
Sasquatch,,,,,,,,,,,,,,,,,
SCP06K0,,,,,,,,,,,,,,,,,
carter,,,,,,,,,,,,,,,,,
Primo,,,,,,,,,,,,,,,,,
rutledge,,,,,,,,,,,,,,,,,
geta,,,,,,,,,,,,,,,,,
stone,,,,,,,,,,,,,,,,,
wilson,,,,,,,,,,,,,,,,,
colfax,,,,,,,,,,,,,,,,,
